Name, Spec_File, Base_File, Mask_File, Config_File, N_Base, N_EX0s_Base, NL_EFF, Chi2, ADev, AIC, BIC, A_V, V_0, V_d, AT_Flux, AT_Mass, AM_Flux, AM_Mass
NGC5286_a_1_fA , NGC5286_a_1_sl.txt , mius_ku13.base , sl_gc_mask.lis , sl_gc_fast.config ,      282 ,       28 ,     2911 ,      0.162614 ,       1.50246 ,      0.952190 ,       1.53610 ,     0.0438000 ,      -5.65000 ,       78.5700 ,       10.6396 ,       12.2422 ,   0.000738167 ,   0.000796488
NGC5286_a_1_fB , NGC5286_a_1_sl.txt , mius_kb13.base , sl_gc_mask.lis , sl_gc_fast.config ,      282 ,       28 ,     2911 ,      0.163800 ,       1.50722 ,      0.953093 ,       1.54185 ,     0.0311000 ,      -5.65000 ,       78.5700 ,       10.6369 ,       12.1041 ,   0.000623365 ,   0.000667028
NGC5286_a_1_fC , NGC5286_a_1_sl.txt , mius_un13.base , sl_gc_mask.lis , sl_gc_fast.config ,      282 ,       28 ,     2911 ,      0.163087 ,       1.48940 ,      0.955297 ,       1.52031 ,     0.0180000 ,      -5.65000 ,       78.5700 ,       10.5862 ,       12.1265 ,   0.000686743 ,   0.000734701
NGC5286_a_1_fD , NGC5286_a_1_sl.txt , miles_afe_ku13.base , sl_gc_mask.lis , sl_gc_fast.config ,      270 ,       27 ,     2911 ,      0.113258 ,       1.14315 ,      0.939860 ,       1.14704 ,     0.0136000 ,      -5.65000 ,       68.3000 ,       6.85395 ,       7.50275 ,   0.000761900 ,   0.000840685
NGC5286_a_1_fE , NGC5286_a_1_sl.txt , miles_afe_un13.base , sl_gc_mask.lis , sl_gc_fast.config ,      270 ,       34 ,     2911 ,      0.115066 ,       1.15700 ,      0.948519 ,       1.16128 ,    -0.0185000 ,      -5.65000 ,       68.2900 ,       6.96350 ,       7.54865 ,   0.000726658 ,   0.000795820
