Name, Spec_File, Base_File, Mask_File, Config_File, N_Base, N_EX0s_Base, NL_EFF, Chi2, ADev, AIC, BIC, A_V, V_0, V_d, AT_Flux, AT_Mass, AM_Flux, AM_Mass
NGC6522_a_1_fA , NGC6522_a_1_sl.txt , mius_ku13.base , sl_gc_mask.lis , sl_gc_fast.config ,      282 ,       32 ,     2911 ,      0.179287 ,       2.43869 ,       1.41065 ,       2.56652 ,      0.287100 ,      -4.38000 ,       54.0700 ,       9.77106 ,       11.9185 ,    0.00241609 ,    0.00298806
NGC6522_a_1_fB , NGC6522_a_1_sl.txt , mius_kb13.base , sl_gc_mask.lis , sl_gc_fast.config ,      282 ,       45 ,     2911 ,      0.175447 ,       2.40677 ,       1.39147 ,       2.53299 ,      0.264400 ,      -5.27000 ,       55.7300 ,       9.90390 ,       11.9401 ,    0.00224341 ,    0.00274838
NGC6522_a_1_fC , NGC6522_a_1_sl.txt , mius_un13.base , sl_gc_mask.lis , sl_gc_fast.config ,      282 ,       28 ,     2911 ,      0.176473 ,       2.41186 ,       1.38845 ,       2.53955 ,      0.255800 ,      -4.39000 ,       48.5700 ,       9.45452 ,       11.4932 ,    0.00226042 ,    0.00281419
NGC6522_a_1_fD , NGC6522_a_1_sl.txt , miles_afe_ku13.base , sl_gc_mask.lis , sl_gc_fast.config ,      270 ,       44 ,     2911 ,      0.138081 ,       2.00037 ,       1.42841 ,       2.03447 ,      0.302700 ,      -5.39000 ,       55.4000 ,       8.07352 ,       9.85217 ,    0.00380320 ,    0.00609471
NGC6522_a_1_fE , NGC6522_a_1_sl.txt , miles_afe_un13.base , sl_gc_mask.lis , sl_gc_fast.config ,      270 ,       29 ,     2911 ,      0.136580 ,       1.98377 ,       1.41280 ,       2.01815 ,      0.277300 ,      -4.37000 ,       56.6500 ,       8.17189 ,       9.93557 ,    0.00357632 ,    0.00577632
