Name, Spec_File, Base_File, Mask_File, Config_File, N_Base, N_EX0s_Base, NL_EFF, Chi2, ADev, AIC, BIC, A_V, V_0, V_d, AT_Flux, AT_Mass, AM_Flux, AM_Mass
NGC6528_c_1_fA , NGC6528_c_1_sl.txt , mius_ku13.base , sl_gc_mask.lis , sl_gc_fast.config ,      282 ,       28 ,     2911 ,      0.204187 ,       4.44741 ,       2.42787 ,       5.17223 ,     -0.299500 ,      -5.66000 ,       53.5500 ,       11.8704 ,       12.5703 ,     0.0126476 ,     0.0151917
NGC6528_c_1_fB , NGC6528_c_1_sl.txt , mius_kb13.base , sl_gc_mask.lis , sl_gc_fast.config ,      282 ,       28 ,     2911 ,      0.198748 ,       4.41309 ,       2.39163 ,       5.12526 ,     -0.310700 ,      -5.67000 ,       52.8600 ,       11.7004 ,       12.2526 ,     0.0119312 ,     0.0139084
NGC6528_c_1_fC , NGC6528_c_1_sl.txt , mius_un13.base , sl_gc_mask.lis , sl_gc_fast.config ,      282 ,       28 ,     2911 ,      0.199094 ,       4.46946 ,       2.38941 ,       5.22258 ,     -0.326500 ,      -5.67000 ,       52.8600 ,       11.7736 ,       12.2976 ,     0.0126529 ,     0.0131011
NGC6528_c_1_fD , NGC6528_c_1_sl.txt , miles_afe_ku13.base , sl_gc_mask.lis , sl_gc_fast.config ,      270 ,       34 ,     2911 ,      0.180965 ,       4.05039 ,       2.42045 ,       4.46571 ,     -0.230600 ,      -8.17000 ,       55.5100 ,       12.2365 ,       13.0795 ,     0.0179351 ,     0.0204603
NGC6528_c_1_fE , NGC6528_c_1_sl.txt , miles_afe_un13.base , sl_gc_mask.lis , sl_gc_fast.config ,      270 ,       30 ,     2911 ,      0.173768 ,       3.95858 ,       2.33932 ,       4.35574 ,     -0.254300 ,      -7.93000 ,       53.9100 ,       13.2831 ,       13.9865 ,     0.0165278 ,     0.0184244
